id,name,area_km2
255163d2-43e6-4c60-af14-b2c29b57a97e,Abbots Langley,18.54574868376799
1f71e803-826e-4313-ab53-d8cc4c346743,Addington,3.3457602804806847
7f738dcf-eb8b-4c85-8141-9ef35825714d,Addlestone,2.9235888830197108
62053957-e9df-444e-b63d-39a6c4dc5179,Aldenham,23.86612453070747
5e1cd051-a913-4b44-8d51-9ed93670ffad,Artington,4.923906082804627
322630b0-4f06-46b2-8832-fe89e705e64e,Ash-cum-Ridley,14.300698904426968
a4849d19-ca87-42db-b840-e8208a64aff1,Ashley Green,9.245140851016568
24e2ecaa-1ad3-4cf5-9c96-43edf9dd7f78,Badgers Mount,2.696534717111451
b26b2bd8-f8f3-4266-ba74-6585e3293298,Banstead,5.356001114678847
bbb19ffc-24db-460c-927b-13f25f989aae,Barking and Dagenham,36.93187517647447
0b8fccb7-0983-4079-9549-dd7f806e8c9f,Barnet,86.67450702045782
68551377-cb1d-4f45-b7c5-dc3152ed5327,Batchworth,14.499659678154128
2488df32-0cf3-4482-80f4-0302f99748ac,Bean,3.3791537685904243
573e6ddb-ff4e-4dde-a3a7-cfc434dc102d,Bellenden,0.5838103308190362
60486af9-218d-4749-97ab-b93419012d69,Berkhamsted,12.789963948079777
23954d4a-2cce-4890-b4f4-203e14346e6c,Betchworth,9.908926726202926
c313c0c6-14ac-426a-81d6-179ecd1c95d9,Bexley,60.435248845492765
5a61e5dd-b9ff-47a8-99b1-73f558649fcf,Birling,6.804546944508386
e1ae7d32-47d2-4348-87d3-bd0a3f3c2c23,Blackmore,0.21933158087915056
cc911033-9a2b-4c3b-9730-453340dc83b4,"Blackmore, Hook End and Wyatts Green",10.4132565226325
ab0ed7cb-9811-46fa-aa9e-fea961981067,Bobbingworth,10.04767497291406
a8ed179d-3a7a-4515-b0f1-1da4acdd5f08,Borough Green,2.1694692579410906
9fcbfbe4-5e84-47f4-adad-2512b7b3ef15,Bovingdon,15.435298257158028
d5cb1816-8c24-4399-92aa-db1c8415af76,Brasted,14.51850688800788
aa4ec19e-6df9-4d7a-bab7-b1ce95e661d9,Brent,44.18539573911072
22d8caed-ab8f-4022-9002-8acce534a526,Britwell,0.4019335698804493
41157c8e-eceb-43c8-b80c-dfffa08ebe97,Brockham,6.903239618682408
44517541-95cd-4c96-ac07-181b631d8d38,Bromley,150.23404607482658
06c9dc74-c773-4334-b8a2-de3354d37178,Buckhurst Hill,3.852276288502932
fb101d94-a797-4316-82fc-939a50994a26,Buckland,5.508326305618514
04a7b3c7-09c5-47cc-a812-50c8559d6b72,Camden,21.281435599986523
1df5e294-8b9c-421e-b03e-ccdfe4cf8843,Caterham Valley,5.884491389211553
d7f45bd4-42be-4e05-bee5-40a77dd60f29,Caterham-on-the-Hill,3.522055137766981
c8cb1323-bc59-444b-9261-efd3a00f6a05,Chaldon,4.7216663701564086
c411e5eb-f444-4d28-8844-538065f880f1,Chalfont St Giles,13.304040167737053
d21d9cc1-94e4-47f8-a1db-5ba025296bbb,Chalfont St Peter,16.109842661080904
e19ecda5-5265-4aac-8693-32c17cc0bbdf,Chelsham and Farleigh,14.916704763412426
71ec6b4f-29a3-478c-9f7e-fbb937314b4d,Chenies,6.698546210023826
a92965bf-8d2a-48d2-bfb7-3cff44bb2b02,Chertsey,3.7359924694475604
1a0607ce-aabe-4bf0-86cb-ab31cffd4e38,Chesham,14.182140166867313
b9606022-db9f-4aa6-831f-fee7bbc9183b,Chesham Bois,2.6625000316492837
1331c07d-21b5-4fc6-a60d-726cdf3d613a,Chevening,14.876057199683592
42ed1159-88df-4c87-be9d-0b1be715053c,Chigwell,15.680843823592058
7a1d1081-75d3-4c72-8efb-97984b99ab0f,Chipperfield,5.580118466740392
e7db0767-b3ba-4bf7-b416-57781cae33a8,Chobham,23.129687733241447
2f356a6c-afa6-46d0-b411-e275ba13dc68,Chorleywood,9.851787073174432
89c092f8-4287-4401-b72f-4a5a067eee22,City of London,2.5065582527064048
bed4905c-f822-4304-8da0-5e15b316da95,Claygate,4.710614540914575
915c2bc0-ae1c-4321-a87d-81d5ac73b97e,Cobham,1.9887890317866141
03689961-9dcd-4683-aa75-92cf98563e4a,Coleshill,6.785851784489814
545e7ff3-b92b-4228-9103-cc87de666809,Colnbrook with Poyle,5.636818616972487
1204e7c9-99eb-4a19-a575-dc542f536e2f,Colney Heath,8.846963738246773
88312be4-b2b4-48b0-9d1d-94097d362146,Compton,8.43347064884668
8a50b7a3-4de8-4b35-a6d7-1a13652d5bae,Crockenhill,7.0443748249014915
30a609f0-e2f6-40dc-a0d8-bade19596b73,Croxley Green,5.008146652241016
405fd056-348f-4880-906f-f31fcf29b2e9,Croydon,86.02015643614831
11d99fc2-362e-4c66-9600-93b4930fa174,Darenth,7.901785893003163
5e3432a9-87c8-4989-b885-20bec8e16ceb,Datchet,6.666419314212375
e2575550-b092-4c20-bec1-5024d7d8309d,Denham,16.257484347259364
f0bb8805-96c6-4bd3-9941-66f2e1c33831,Doddinghurst,6.613926244930109
f0d44bb4-3e5d-44b7-9a3f-16692ece6752,Dorking,5.207907595563812
b8e598fe-ed27-40c9-a63c-4ef53465792e,Dunton Green,3.903832446822581
54413cc7-a7c9-4e4f-a7fe-e6ffec6ca137,Ealing,54.7347644512517
40fd9abb-6bd9-43fe-962e-6ff4d7a8552e,East Clandon,5.861535216469175
9f1b1d8c-739c-4b90-8784-b7164e6d44b2,East Horsley,7.479272318204876
87d7ac85-4b4a-4dcf-9103-d3037b04d908,Effingham,11.913718832814437
b85e9365-7929-4862-b3af-b7e6cf001ba4,Egham,1.4543588244261314
a9c290d4-e700-49dc-91d3-cb20bfde4192,Egham Hythe,0.4051020102835068
08ad1454-c1f3-41d2-8008-a66468d42ca7,Elstree and Borehamwood,13.765283641824428
4384ae4c-b5a6-4b35-bffd-574b3a2ad0b5,Enfield,83.0482377419048
06f3732c-3192-4bbc-b79c-ab2740ee6cb4,Epping,7.731935677940288
6b6ff44f-a1e5-4abc-8d8a-0dffdcd02519,Epping Upland,17.74728086650108
e15b109a-3ca4-48e0-b629-d539b36840aa,Esher,5.03195536506247
a191e84c-9349-4f55-9ba1-478740cd6b5a,Eton,4.014564815839626
ce99e897-b03b-4dae-9e8e-3892883f2001,Eton Wick,0.6551978388282922
a185eeb3-9322-4fd9-abc9-a6622fe2531d,Eynsford,15.703271272574375
f73f3107-3d4c-4b2e-bbe5-60247295c9ad,Farnham Royal,4.461421712476251
cf0f9908-c5ab-46de-bd8d-0238a3e431f4,Farningham,9.64662385568073
6a3216f0-e202-4c44-97e6-46d002b07e10,Fawkham,6.648559328164262
ec1b3b4a-0c63-493c-8875-88949130eb91,Flaunden,4.170351218141003
643908fd-f9a1-4cde-8d6d-8b29ff5723ab,Fulmer,5.6652156496626755
e8b5c0cd-9c74-4a90-a5b4-41633050585f,Fyfield,9.905793791940642
abefaa77-d1f4-41c1-8d72-3c1695d175b6,Gerrards Cross,10.660875101290625
6c31d3a7-5158-42ce-a553-8e3216e0db4b,Gravesend,18.65445299977624
47beb255-3718-475f-99c8-eafe548c1c12,Greenwich,47.64110696868703
99b2d655-74c6-486f-b975-b7167a354aa9,Hackney,19.839906001529013
98fedfe9-b6b3-4501-bb1a-785a8fd3c788,Halstead,5.885924482577503
18ccc841-7df8-4fc7-8f9b-21dc70d61007,Hammersmith and Fulham,17.593701594619695
af13982b-7b3a-4363-a747-180ab1f6f330,Harbour Village,0.08879305024400691
1fcb93df-a077-4346-9911-43813c00e50f,Haringey,28.664863497621422
7013dd8f-3f1e-495d-a622-e41423194900,Harrow,51.807553012363975
fe844f95-945c-4ec4-9cb9-88c59aa1d489,Hartley,5.4817845476654
d5242497-8023-4bf0-b641-92f0041e3998,Havering,113.85437247314904
55683ac5-e6d0-45a4-83c9-fc8401523f61,Headley,6.746007343977172
045d51df-618b-4387-a57c-585bdf141200,Hedgerley,6.797217674685581
5b8ab9ad-8a57-427d-b816-3a75a34a7543,Herongate and Ingrave,12.198711737041327
f055e2ad-bde7-4f67-8ae9-976b63a29ce5,Hertsmere Meriden,0.3326071735115974
5d63a327-fda6-4c33-aeda-19b03a8054a5,Hextable,2.34588515621403
8a4eede3-876b-486e-b442-a194ecdacba6,High Laver,7.324772544805461
75147f2a-dc5d-432d-92bd-5320d0c68682,High Ongar,15.860292929746494
76e72543-7c6d-4c04-817b-83aac40c395e,Highwood,14.10190352420741
958dfe3f-8623-44f0-bd62-58cac435c995,Hillingdon,115.57353907560045
cdf3470e-cdf7-408a-ba0a-c04b80f8fbcb,Hook End,0.0885850017380231
293e28ce-ed2b-44d9-b4ca-76348e5871f6,Horton,4.979018032850032
4dc27a0f-b564-4d51-8e03-2681aa7a7d22,Horton Kirby and South Darenth,10.518252542313055
8403ec1e-d226-4615-9c2a-233e5903aab4,Hounslow,55.07653516092998
a8c95108-bc69-4c29-ac9c-bf61a0c999fa,Ightham,9.24058543008704
3e649557-b23b-4be4-a20a-5b5ddda58023,Ingatestone and Fryerning,15.846915273368424
b8ccf51b-0f33-4692-9da2-b1adc67d7333,Islington,15.156910035338804
30bd488d-4824-4936-b466-8a875662dffb,Iver,20.128272076208425
469d4260-9447-4866-a663-5cf6ba86f5be,Kelvedon Hatch,7.6544424061240806
67dc59bf-7b9b-4055-9f5b-445d63d030a6,Kemsing,8.950829646070932
5c687f23-fd2a-4654-843a-4c98ee70d7de,Kensington and Chelsea,11.705655845217075
72ac39b6-5664-43a2-a43c-239ab54a862e,Kings Hill,3.4529955900983365
4c74c37d-37c9-4011-86b4-03bf3e823e72,Kings Langley,8.32719566931998
94ca71bb-532b-4e23-8f70-4cbc3838ddc2,Kingston upon Thames,38.02247676636148
409b3e7f-942d-47bc-8646-ddb417ecf469,Knockholt,7.43690030264061
31f05076-ca88-4d7f-be84-6f04e008698a,Lambeth,26.708469187413296
37d57da8-2d2e-4777-ad8d-306dec492e78,Lambourne,10.420080953505286
7c310ef2-4dff-492b-894b-9c7d8eefac98,Latimer and Ley Hill,9.017287088251203
6d4226c5-5ace-4377-9c5e-6c73da733d6e,Leatherhead,5.402312433372881
327bccae-8132-41f0-90db-dfe80ea3569d,Lewisham,34.29288096765164
4ee10b82-6c35-4be8-be4b-c479d038b69f,Leybourne,3.014542018346323
b1567160-4ce6-49c3-83aa-351d71196ffc,Little Berkhamsted,6.429480936555031
f9d5d8a3-7861-4f48-9f17-d3925335aff9,Little Burstead,7.595456065189971
ec53c4b7-ba92-4d4b-ba65-537bc4a498fb,Little Chalfont,5.296136843280306
d500679e-3710-4924-97d2-bfb0ddb8faca,Little Heath,0.5794896263159269
dfc56015-86ec-42f8-b81f-3f2fa1639d7f,Little Laver,3.7677758909552588
92d8e117-a76c-4448-a315-290226589873,London Colney,5.304671497325471
378554ca-7ab7-4a0c-85c1-f5fdbef2dbf5,Longfield and New Barn,3.5719426361088735
6940a3cf-3173-4c5a-855f-fa19fca0c443,Loughton,15.125408308751561
71a9e366-91ad-47ed-8d4c-dfaf45bc5e2c,Luddesdown,8.090968243966094
4b167d69-f8ec-4589-abdb-00462029addb,Magdalen Laver,6.0654211697708895
c91cd675-a9e6-4957-9966-140367dad122,Margaretting,11.263990584187061
885ef3cc-fa2a-44e2-85f8-ff4aa52eb616,Meopham,20.224503530841616
3f34eed0-54d3-4f53-8ff3-c10265b0ab1d,Mereworth,9.729939014113684
657725e7-85b7-4c39-a335-5906f33e5e28,Merton,37.37457481887046
7ff9f637-114a-474a-85e5-c84e87d32e51,Mickleham,7.3135754669276265
76ebcd45-3164-429f-a71f-291d74a42c62,Molesey,4.205065338417157
cc15fb0c-bb38-4198-b65c-66288e5f205d,Moreton,5.961090556161533
20a9c870-ac75-4012-80ef-2df5423e3ed1,Mountnessing,12.091650185646733
a585d0b7-f2e3-4317-bfb9-7f1f75a1f033,Nash Mills,1.8171020512905771
a91f8e8a-03d7-49fa-8491-8543f86ecc25,Navestock,18.298237590014384
126da99b-3447-456c-a27c-a06cf3b87556,Nazeing,16.445612883841104
e5532ba5-ad16-40a3-993a-23e0dcc2051c,Nettlestead,5.275275634539639
f43d31c9-0d13-418b-8a27-c5df26920e01,Newham,36.607792340122934
a770478c-3573-4406-aea6-b80661a0d3ea,North Mymms,18.918088757774793
f0734d6f-0a20-449a-aca1-00e18cc68876,North Weald Bassett,22.788834637368154
2df46c6d-b4f1-40cf-a03d-e369a2e0c1ce,Northaw and Cuffley,15.432357474847816
e777bc61-ed65-4271-9f87-ad7afa0bbfc1,Northfleet,15.966829839353537
ce7e5b55-c653-4677-b415-716529ca3cf3,Ockham,12.132621443275195
c2940fbe-44e9-457d-8c47-bec91cc66d7c,Offham,8.048337855552637
e950e699-2193-4b1d-b49a-0db87b40605a,Ongar,9.016765708993162
d4eb17e4-7478-43af-93af-8e08a95d53a4,Otford,7.020036124056105
2dd8b4c0-6b79-4301-9fa1-94f28af02955,Oxted,15.147549925058103
1705f8f5-0508-42b6-86f6-a135d4f77da4,Platt,6.960597809509691
99884e4e-4793-4243-bc3d-aeac06e102a8,Plaxtol,9.71927081317113
ae3d057e-66ef-4cea-8c84-2091219d2804,Queen's Park,0.5840425244820634
7f573586-a89f-4fe2-bd7a-82512a817e84,Redbridge,56.91768415727207
a17422ad-c1a2-4e67-814b-a939ceabbf3f,Richmond upon Thames,59.227202898444794
10004864-e485-4d86-bee0-7c7d91da3f69,Ripley,9.729063655624353
abcc2386-2b05-4a58-ba43-02c1d7fa6576,Riverhead,2.8565359324564707
52176288-7f73-4f38-921a-98eff767733d,Riverview Park,0.00442332408293212
96a839ef-cef7-415b-9628-dc33bd3a318a,Roxwell,19.35074203128278
04a50869-e03e-4348-a08b-4e0134da69e1,Roydon,10.946611187608086
fb4dfe78-b505-4626-b7b9-e9706d9c98c8,Ryarsh,3.514557432440702
cfb6dc05-f533-4bd1-a5be-1b3f21d09603,Sarratt,20.57083320760834
2a8cbd7b-203c-462a-aa99-7be9528b6e93,Seal,18.61976828767149
f0f6ec23-93bc-4b16-9a05-1270ebf1f6bc,Seer Green,3.4935012582146827
f2d7f2c0-763a-4f87-a82c-f4d187390045,Send,6.97512594668364
3bc09a80-e13d-4178-a84a-9d29496214d9,Sevenoaks,15.96207617624775
7ce68e84-dff3-4761-af12-4a4d1b4ea8a7,Sevenoaks Weald,9.695136780469646
ec0ef800-e6ed-4ea7-b0b3-ce8dcfedfda0,Shenley,13.748069751724113
8595735f-08a9-4314-92d6-88f41b4d604f,Shepperton,3.4968914919490093
d03194b8-1c32-4a2e-bf69-de29a667a2b2,Shipbourne,9.000685924044749
248a1f95-91d4-432d-9f73-396e26019224,Shoreham,16.272303249424795
f355f087-db87-49f5-9502-0a8b0df7ceb7,South Mimms and Ridge,20.885739918794968
bdeab59a-4578-404c-b937-5f40ccca6ad3,Southdowns,0.07424388449517245
fc267066-0807-490d-a519-3079b81bcdf8,Southfleet,9.14612270245022
e9a62052-f1fe-4949-afa4-a7087a27748a,Southwark,30.260260750762455
d0dc61b1-16fe-4f04-b4ba-03766b750151,Springfield Village,0.32550276311681214
b16d8cdd-562d-4be3-83e5-364c8a15c98d,St Stephen,23.488444047549038
1b71e357-ef12-4a00-88f8-efbbec5afa2c,St. Martha,3.4437862785225652
a096b079-02eb-4422-9595-3d5df057ddb7,Stanford Rivers,17.503765812612595
cab7623d-df21-40c0-b97d-ef4fd1d6fda2,Stansted,7.982561741752861
49633353-2f6d-45d3-bbd6-352e6fbb4165,Stapleford Abbotts,9.570220987312188
35e8e04f-a0c9-4055-ac58-ef3d0c149075,Stapleford Tawney,6.697821609905704
47478b63-caa2-4ec2-a03b-e6879934bcd2,Stoke Poges,10.096581385213351
24e29ccd-4634-42b2-b50c-2bfd4fb49ea5,Stondon Green,0.12292858672118163
b4e2f32d-5888-4c2b-ab76-b4da45fbc81f,Stondon Massey,4.860103323336386
9a37913f-bae9-4d93-a488-c511acd83a7d,Stone,6.718363571916314
d8b3a9a4-12b3-40b9-a98c-640d26935235,Sunbury-on-Thames,7.2014810856257485
10b9590d-82dc-4152-a5e1-3831078b7901,Sundridge with Ide Hill,16.77161575205102
5a35d510-23ef-4f61-9048-ce7e5b0eb61c,Sutton,44.4906035294082
c0266b5d-5c75-4739-8f76-6ef153ae5e56,Sutton-at-Hone and Hawley,7.535741670688177
72cc8783-8d75-4b4d-8ecb-6f27a0d90c94,Swanley,6.788004261291407
2a251ac0-0bf0-48e4-a5ec-f4545462ea4c,Swanscombe and Greenhithe,5.972020994684912
d68f06d7-a939-4ba4-add9-b561fa105db5,Tatsfield,5.33715299186751
921ad000-ec7b-453c-8df0-d7a6c9fa3613,Theydon Bois,8.318061135762289
cc06fa2a-dd98-49cd-ac9d-2f58c1e81c2d,Theydon Garnon,8.043712108784742
27a8f8be-46a8-4aa8-83e1-20f250bfcc0f,Theydon Mount,6.3215278898452025
3f0ef154-938d-42a6-a383-56cf2ff2417f,Titsey,8.025352214826805
1d4c8dbc-e4c4-4090-a102-7632b402cde7,Tower Hamlets,19.552544195880817
5d96fd14-ebbd-4c20-b8e4-3eec3fd4f278,Trottiscliffe,5.53421262646503
e3ee6616-8508-4662-8ecf-030cbc0b5a0a,Vigo,0.6866636059791914
1e457aff-8400-4181-a9d2-3dd2ce426a01,Waltham Abbey,42.41581138425776
c715494b-3a8e-473c-94f2-41e48d981cdd,Waltham Forest,39.26787009580785
2dddafd8-bfd0-49e5-a644-173c969ee628,Walton-on-Thames,6.204875601368933
7541dfd0-1427-4d22-88fd-cd901e52d714,Wandsworth,34.638230678067366
b2a408e3-b0b2-4d05-b84b-c9aa959fd375,Warlingham,6.010088386274117
3bb58940-001c-4e67-84a2-f26bad2c9497,Wateringbury,5.402723652936555
c0bf652f-f9e6-4e6d-857a-28d8285b6eea,Watford Rural,8.160614506583043
f1956318-bc82-42ac-94c7-0fca9afa0a20,West Clandon,9.568402235362333
e0aae426-3cc3-4d70-a07f-4cd40337f081,West Horndon,7.648429647358356
40134e53-e768-419b-bd49-987263af8038,West Horsley,10.838379688347118
08bc3f0f-dad3-4537-ad67-d0c8f74736b3,West Kingsdown,15.975853663067818
31fd5873-c70f-4ed1-b4d9-a4edf54e2863,West Malling,3.826200839451314
ada3b58a-51b9-4dd8-b388-d677649d3f48,West Peckham,6.345319342068369
72e1a57b-1e1b-470f-98e2-398bc2d8f488,Westerham,22.892298218943257
4cef7232-6c8a-40a5-b99a-4c4884ba9fa7,Westminster,22.946292126275534
65ae112c-cf9a-48c3-8db5-7f6e3b5ea869,Weston Green,0.23087135134405587
416ee1e1-2a85-41cc-86f4-4cd05ef94a29,Wexham,11.084598508385323
38f28d80-76cd-49a0-9ae1-3300f99d0834,Wexham Court,1.159210595817022
413d4a17-44cd-4098-8b12-dca64428489e,Weybridge,5.249717667755775
6abb4365-c25c-45ee-9353-a4e0fbca405c,Whyteleafe,2.171976906996675
802a0a5d-683d-49d2-ac9b-3e76093ab4eb,Willingale,13.98721508404318
fd419955-34e2-4128-9b6e-1add1861e395,Wilmington,6.771979773884167
df362796-d8c7-445a-923e-7cae1350ba76,Wisley,4.029091134819483
4caa4290-2c4c-44f8-9fd8-b4eace7ebe75,Woldingham,10.876129872657573
0342ee1b-51ff-4529-8959-a469c97b037b,Wraysbury,6.738184776669318
3c9ee3f0-6fea-4ea8-84bc-69496a04a83f,Writtle,18.06113043799245
a49150e6-7c61-4474-924b-6ff2a9fdefcb,Wrotham,13.784114580369588
